<?xml version="1.0" encoding="UTF-8"?>
<system>
    <parm name="pose" value="Unspecified" isFilter="false" description="姿态, isFilter表示value值是留下还是舍弃, false表示留下，true表示舍弃"/>
	<parm name="pose" value="Frontal" isFilter="false" description="姿态, isFilter表示value值是留下还是舍弃, false表示留下，true表示舍弃"/>
	<parm name="pose" value="Rear" isFilter="false" description="姿态, isFilter表示value值是留下还是舍弃, false表示留下，true表示舍弃"/>
	<parm name="pose" value="Left" isFilter="false" description="姿态, isFilter表示value值是留下还是舍弃, false表示留下，true表示舍弃"/>
	<parm name="pose" value="Right" isFilter="false" description="姿态, isFilter表示value值是留下还是舍弃, false表示留下，true表示舍弃"/>
    <parm name="truncated" value="0" isFilter="false" description="是否裁剪, isFilter表示value值是留下还是舍弃, false表示留下，true表示舍弃"/>
	<parm name="truncated" value="1" isFilter="false" description="是否裁剪, isFilter表示value值是留下还是舍弃, false表示留下，true表示舍弃"/>
    <parm name="difficult" value="0" isFilter="false" description="是否困难, isFilter表示value值是留下还是舍弃, false表示留下，true表示舍弃"/>
	<parm name="difficult" value="1" isFilter="false" description="是否困难, isFilter表示value值是留下还是舍弃, false表示留下，true表示舍弃"/>
	<parm name="occluded" value="0" isFilter="false" description="是否遮挡, isFilter表示value值是留下还是舍弃, false表示留下，true表示舍弃"/>
	<parm name="occluded" value="1" isFilter="false" description="是否遮挡, isFilter表示value值是留下还是舍弃, false表示留下，true表示舍弃"/>
</system>
