<?xml version="1.0" encoding="UTF-8"?>
<categoryConfig>
    <category name="SUV" tag="suv">
        <feature name="SUV"/>
        <feature name="包厢皮卡"/>
    </category>
    <category name="罐车" tag="tanker">
        <feature name="罐车"/>
        <feature name="搅拌车"/>
    </category>
    <category name="自行车" tag="bicycle">
        <feature name="自行车"/>
        <feature name="摩托车"/>
    </category>
    <category name="小卡车" tag="trucksmall">
        <feature name="箱体小卡车"/>
        <feature name="无箱体小卡车"/>
    </category>
    <category name="大卡车" tag="truckbig">
        <feature name="箱体大卡车"/>
        <feature name="无箱体大卡车"/>
    </category>
    <category name="铲车" tag="forklift">
        <feature name="铲车"/>
        <feature name="压路车"/>
    </category>
</categoryConfig>

