<?xml version="1.0" encoding="UTF-8"?>
<feature>
	<parm name="人" tag="person" color="#0080FF" isDisplay="true" isFilter="false" filterarea="30*30"/>
	<parm name="自行车" tag="bicycle" color="#B0E11E" isDisplay="true" isFilter="false" filterarea="30*30"/>
	<parm name="摩托车" tag="motorcycle" color="#B0E172" isDisplay="true" isFilter="false" filterarea="30*30"/>
	<parm name="三轮车" tag="tricycle" color="#C1A956" isDisplay="true" isFilter="false" filterarea="30*30"/>
	<parm name="小汽车" tag="car" color="#B0E11E" isDisplay="true" isFilter="false" filterarea="30*30"/>
	<parm name="面包车" tag="minibus" color="#404080" isDisplay="true" isFilter="false" filterarea="30*30"/>
	<parm name="SUV" tag="suv" color="#000000" isDisplay="true" isFilter="false" filterarea="30*30"/>
	<parm name="客车" tag="bus" color="#9C6321" isDisplay="true" isFilter="false" filterarea="30*30"/>
	<parm name="皮卡" tag="minitruck" color="#00FF80" isDisplay="true" isFilter="false" filterarea="30*30"/>
	<parm name="包厢皮卡" tag="minitruckbox" color="#9BC4E0" isDisplay="true" isFilter="false" filterarea="30*30"/>
	<parm name="箱体小卡车" tag="boxtrucksmall" color="#8080FF" isDisplay="true" isFilter="false" filterarea="30*30"/>
	<parm name="无箱体小卡车" tag="smalltruck" color="#8000FF" isDisplay="true" isFilter="false" filterarea="30*30"/>
	<parm name="箱体大卡车" tag="boxtruckbig" color="#FF0080" isDisplay="true" isFilter="false" filterarea="30*30"/>
	<parm name="无箱体大卡车" tag="autotruck" color="#FF00FF" isDisplay="true" isFilter="false" filterarea="30*30"/>
	<parm name="压路车" tag="roadroller" color="#482632" isDisplay="true" isFilter="false" filterarea="30*30"/>
	<parm name="挖掘机" tag="digger" color="#FFFF00" isDisplay="true" isFilter="false" filterarea="30*30"/>
	<parm name="铲车" tag="forklift" color="#FF8000" isDisplay="true" isFilter="false" filterarea="30*30"/>
	<parm name="搅拌车" tag="mixer" color="#B40500" isDisplay="true" isFilter="false" filterarea="30*30"/>
	<parm name="罐车" tag="tanker" color="#00BDB8" isDisplay="true" isFilter="false" filterarea="30*30"/>
    <parm name="拖拉机" tag="tractor" color="#685252" isDisplay="true" isFilter="true" filterarea="30*30"/>
	<parm name="搅拌机" tag="blender" color="#B03C72" isDisplay="true" isFilter="true" filterarea="30*30"/>
	<parm name="吊车" tag="crane" color="#80FF00" isDisplay="true" isFilter="true" filterarea="30*30"/>
	<parm name="塔吊" tag="tower" color="red" isDisplay="true" isFilter="true" filterarea="30*30"/>
	<parm name="农机" tag="farmMachine" color="#888888" isDisplay="true" isFilter="true" filterarea="30*30"/>
    <parm name="砖堆" tag="brickspile" color="#FDFEC5" isDisplay="true" isFilter="true" filterarea="30*30"/>
    <parm name="沙堆" tag="sandpile" color="#FCE8C7" isDisplay="true" isFilter="true" filterarea="30*30"/>
    <parm name="柱状堆料" tag="cylinderpile" color="#C7FCFC" isDisplay="true" isFilter="true" filterarea="30*30"/>
    <parm name="袋状堆料" tag="bagpile" color="#C5EAFF" isDisplay="true" isFilter="true" filterarea="30*30"/>
    <parm name="板状堆料" tag="boardpile" color="#B0E179" isDisplay="true" isFilter="true" filterarea="30*30"/>
</feature>